feature_group,feature,human_median,human_mean,ai_median,ai_mean,ROC_AUC,AUC_strength,p_value,p_value_adjusted
Surface,mtld,83.35051546391753,84.87605210990907,145.99587194870477,150.89105982953828,0.950266181988743,0.950266181988743,0.0,0.0
Surface,root_ttr,10.0719781540326,9.999201902982934,11.747653851189648,11.721610259834065,0.9341215212632896,0.9341215212632896,0.0,0.0
Surface,hapax_l_ratio,0.3560975609756097,0.35398805681945894,0.4511750628950113,0.44806789830860283,0.9174108818011257,0.9174108818011257,0.0,0.0
Surface,lower_ratio,0.7584467977811397,0.756192995006203,0.7967654751525719,0.7965455716032107,0.8967718105065666,0.8967718105065666,0.0,0.0
Surface,alpha_ratio,0.7849922239502333,0.7843591762131988,0.8114845626583943,0.8112277200268764,0.84578212945591,0.84578212945591,1.907291763392848e-251,3.6620001857142677e-250
Surface,upper_ratio,0.0257589696412143,0.028118768966597332,0.0141738157403953,0.01468162099750532,0.15431656504065042,0.8456834349593496,2.646726177693205e-251,4.234761884309128e-250
Syntactic,pos_bigram_NOUN_VERB,0.0176211453744493,0.01954744005739405,0.0375,0.03782593570074692,0.8310289634146342,0.8310289634146342,1.2588356468764783e-230,1.2084822210014192e-228
Surface,std_sentence_length,9.349233298260671,10.570189266588075,6.704573011267506,6.886434482444059,0.18869000156347718,0.8113099984365229,3.279018682862895e-204,4.496939907926256e-203
Syntactic,pos_ratio_NOUN,0.1649899396378269,0.16616795420192818,0.20178377894663574,0.21750674866035777,0.7937705206378987,0.7937705206378987,4.472662502989206e-182,2.1468780014348193e-180
Surface,punct_ratio,0.0301318267419962,0.03250133332787203,0.022070951088755,0.023879866886457757,0.22685780175109443,0.7731421982489055,1.1099785055552905e-157,1.3319742066663487e-156
Syntactic,pos_ratio_VERB,0.1089108910891089,0.1075015488111813,0.1257861635220125,0.12690933279216998,0.7596120622263914,0.7596120622263914,1.21401888965063e-142,3.884860446882016e-141
Syntactic,pos_bigram_NOUN_AUX,0.0197368421052631,0.021399281424341433,0.033626294554519,0.03532682117016131,0.7511554096310193,0.7511554096310193,1.2497243428844513e-133,2.9993384229226834e-132
Surface,func_ratio_to,0.0263157894736842,0.027153226439102958,0.016515989920245153,0.01818319347941212,0.25276540025015637,0.7472345997498436,1.4953955464448437e-129,1.43557972458705e-128
Syntactic,pos_bigram_PUNCT_PRON,0.0192307692307692,0.021672240948127242,0.00920245398773,0.011182593580782194,0.2588287601626016,0.7411712398373984,2.08299534232001e-123,3.999351057254419e-122
Syntactic,dependency_ratio_nmod,0.0563674321503131,0.05877897712366345,0.04028074833443955,0.04110857033783828,0.2598856707317073,0.7401143292682927,2.6110951267493015e-122,4.177752202798882e-121
Syntactic,dependency_ratio_amod,0.0493562231759656,0.050779908751379985,0.0705128205128205,0.07120996512563064,0.7321753830519074,0.7321753830519074,1.7487177452914234e-114,2.398241479256809e-113
Syntactic,pos_bigram_VERB_NOUN,0.0138408304498269,0.01609060838700018,0.0263157894736842,0.02925773339603461,0.7295495231394622,0.7295495231394622,5.916605053615656e-112,6.311045390523366e-111
Syntactic,pos_ratio_PROPN,0.0438413361169102,0.0628664709743321,0.0168878412199522,0.02114204504055743,0.27334036898061287,0.7266596310193871,2.230465257724713e-109,2.1412466474157243e-108
Surface,func_ratio_all,0.0024937655860349,0.0028997624114583745,0.0,0.0005704571286418319,0.2767688789868668,0.7232311210131332,3.0106371581141505e-135,3.211346301988427e-134
Surface,func_ratio_of,0.0251396648044692,0.026880714989976077,0.0172413793103448,0.017972160563350426,0.27993765634771733,0.7200623436522826,4.764640090174502e-103,3.8117120721396015e-102
Syntactic,mean_dep_distance,3.5112612612612613,3.554134435105632,3.314967926282088,3.3202520052590843,0.28002657911194495,0.719973420888055,5.7536336031273e-103,4.60290688250184e-102
Syntactic,pos_ratio_ADJ,0.0643776824034334,0.06591607956488456,0.08816954818751085,0.08478134510113719,0.7167065353345842,0.7167065353345842,5.475019609170251e-100,4.043091403694955e-99
Surface,hyphen_ratio,0.0016129032258064,0.002242837544343066,0.0007011393729884,0.0008726372947959614,0.28396693245778615,0.7160330675422139,5.87133887250377e-100,4.335757936618169e-99
Syntactic,pos_bigram_VERB_ADJ,0.0076335877862595,0.009012041422083793,0.015625,0.0161106865827174,0.7134140478424016,0.7134140478424016,3.9962085850420304e-97,2.740257315457392e-96
Syntactic,pos_bigram_ADP_PRON,0.018796992481203,0.0215005840850439,0.0094637223974763,0.011840361570861617,0.28882152908067543,0.7111784709193245,4.3686107593121695e-95,2.7959108859597883e-94
Syntactic,pos_bigram_PRON_AUX,0.0422077922077922,0.044011094864285664,0.0233723522853957,0.026803199422699278,0.2937283067542214,0.7062716932457787,8.988050299641865e-91,5.3928301797851195e-90
Surface,mean_word_length,4.492401215805471,4.521810669258962,4.833764715444104,4.967978242882789,0.7054641572858037,0.7054641572858037,4.4592569652018415e-90,3.057776204709834e-89
Surface,space_ratio,0.1740139211136891,0.17488148434583003,0.16382331755835675,0.16313723951879017,0.2999915963101939,0.7000084036898061,1.859943859772418e-85,1.1903640702543474e-84
Syntactic,dependency_ratio_appos,0.0041928721174004,0.005847512806961056,0.0020366598778004,0.0021314270506992837,0.3030065666041276,0.6969934333958724,2.9443947901817318e-86,1.6627170579849778e-85
Syntactic,pos_bigram_ADJ_NOUN,0.0586206896551724,0.06126466378718872,0.07891030392883615,0.07795548951404935,0.6915150093808631,0.6915150093808631,1.644104881847385e-78,8.76855936985272e-78
Surface,func_ratio_this,0.0047846889952153,0.00592859085490074,0.0024449877750611,0.0022883208687459644,0.3112906504065041,0.688709349593496,5.210258630582068e-79,3.1261551783492406e-78
Surface,yules_k,113.90352340531189,121.5044105625518,96.4812654425713,100.5583294701785,0.3123839118198874,0.6876160881801126,2.0157417967434957e-75,1.0184800657230294e-74
Syntactic,pos_bigram_NOUN_ADP,0.0637450199203187,0.06814683980462045,0.04874089325308835,0.05092067059392704,0.3148334896810506,0.6851665103189494,1.630922647727083e-73,7.455646389609522e-73
Surface,digit_ratio,0.0034808552958727,0.008257724785672403,0.0009396288984556,0.0017551735678754698,0.3153896966854284,0.6846103033145716,1.8883298521661995e-76,1.0663509753409127e-75
Syntactic,dependency_ratio_parataxis,0.0043196544276457,0.005939253818304132,0.0021231422505307,0.0024394236872674648,0.31558298155096937,0.6844170184490306,5.17577284813583e-75,2.484370967105198e-74
Syntactic,pos_ratio_NUM,0.0132743362831858,0.02097427312700607,0.0069848755895267,0.008203284364381102,0.32014892120075045,0.6798510787992496,1.7125078644346538e-69,7.472761590260308e-69
Syntactic,pos_ratio_SYM,0.0,0.0027535313276049315,0.0,0.00028955189661536846,0.3203244215134459,0.679675578486554,7.209328512654207e-113,8.651194215185049e-112
Semantic,std_adj_sent_similarity,0.1460205,0.1498619551345841,0.12862585999999998,0.129539945085,0.32100453408380236,0.6789954659161976,8.107156433964973e-69,5.675009503775481e-68
Syntactic,pos_bigram_PART_VERB,0.0259740259740259,0.027750925759032118,0.01663898117386485,0.019052722181716882,0.32119391025641025,0.6788060897435897,1.1226571337356392e-68,4.6858732538531025e-68
Syntactic,dependency_ratio_conj,0.0333333333333333,0.036038537367655894,0.04441848390446515,0.04610929770404049,0.6785221232020013,0.6785221232020013,1.8302644977862931e-68,7.3210579911451725e-68
Syntactic,pos_bigram_ADP_DET,0.0594059405940594,0.063754654726338,0.04552857565886875,0.04818231521459348,0.3234363273921201,0.6765636726078799,5.2000768930813346e-67,1.9968295269432324e-66
Surface,func_ratio_was,0.0084033613445378,0.010476452989745772,0.0048426150121065,0.0052684026122309935,0.32539555972482803,0.674604440275172,2.353246194895878e-66,1.0757696890952585e-65
Surface,func_ratio_as,0.0057803468208092,0.007346726468885986,0.0028248587570621,0.004256623228435626,0.3254719746716698,0.6745280253283302,6.696794978778233e-66,2.922237808921411e-65
Surface,func_ratio_than,0.0,0.0017261605515705386,0.0025641025641025,0.003895198945075123,0.6735191916823015,0.6735191916823015,5.07439472191513e-70,2.4357094665192624e-69
Syntactic,pos_ratio_PART,0.025695931477516,0.025845814680231616,0.0185185185185185,0.019699936716693907,0.3336147592245153,0.6663852407754847,1.0323112785233972e-59,3.8116108745479286e-59
Surface,func_ratio_do,0.0023809523809523,0.0029223021663917787,0.0,0.0007922923419072087,0.33506273452157603,0.664937265478424,2.0343087335123936e-76,1.0849646578732766e-75
Syntactic,pos_ratio_ADP,0.096045197740113,0.098065178230323,0.0859363664109915,0.08515049957513426,0.33942952626641654,0.6605704737335835,9.76998982093835e-56,3.4737741585558576e-55
Surface,character_count,2286.0,2286.7579737335836,2427.0,2455.260625,0.6601627970606628,0.6601627970606628,1.8335869483991567e-55,7.653232480274741e-55
Syntactic,dependency_ratio_discourse,0.0,0.0016864359254157811,0.0,9.781675633963843e-05,0.3429596622889306,0.6570403377110694,5.187931337399183e-109,4.5276491671847414e-108
Syntactic,dependency_ratio_obj,0.0435684647302904,0.04395662724787141,0.0504201680672268,0.05081685050563458,0.6557233036272672,0.6557233036272672,1.5741894774038349e-52,5.3972210653845766e-52
Syntactic,pos_bigram_PRON_NOUN,0.0163934426229508,0.01880830420871267,0.00916032669501005,0.012378526087329485,0.34645735616010004,0.6535426438398999,3.8341944661653885e-51,1.2269422291729244e-50
Syntactic,dependency_ratio_flat,0.0039447731755424,0.0101475711995872,0.0,0.0024914419575051906,0.35294715447154473,0.6470528455284552,3.4735238169147797e-51,1.149856160082134e-50
Surface,func_ratio_also,0.0,0.0017765293772087822,0.0025906735751295,0.003074142540137239,0.64703037054409,0.64703037054409,1.5579200510794016e-50,5.982412996144902e-50
Syntactic,dependency_ratio_advcl,0.02,0.020391491280499007,0.023542007809547752,0.025313075505046544,0.646866010006254,0.646866010006254,6.393915715649889e-47,1.980051318394804e-46
Syntactic,pos_bigram_NOUN_PUNCT,0.0871212121212121,0.08930181026850323,0.0982456140350877,0.10132912678057378,0.643839313633521,0.643839313633521,4.444177364313075e-45,1.3332532092939227e-44
Surface,func_ratio_in,0.0184210526315789,0.020312244706739438,0.0142653642653642,0.014674848399131406,0.35681930112570354,0.6431806988742965,1.1053757832817238e-44,3.930225007223907e-44
Syntactic,sent_with_clausal_dep_ratio,0.7058823529411765,0.6998610455912802,0.7894736842105263,0.7745114841170272,0.6401278142589117,0.6401278142589117,6.974819385932467e-43,2.0290383668167175e-42
Syntactic,phrase_per_sent_PP,2.235294117647059,2.4009319126263247,1.85,1.8894684973144376,0.36128087867417136,0.6387191213258286,4.744563147062092e-42,1.339641359170473e-41
Surface,exclamation_ratio,0.0,0.00037974050797146724,0.0,1.3939924786174999e-06,0.36411135866166355,0.6358886413383364,4.531778065433594e-109,3.955006311651137e-108
Surface,std_word_length,2.401867854440789,2.401795122796271,2.578307623574796,2.5685416539009647,0.6352972560975609,0.6352972560975609,4.381252772978147e-40,1.4503457455375937e-39
Surface,func_ratio_a,0.0234741784037558,0.02412692848384395,0.0286458333333333,0.029014233806283568,0.633781660412758,0.633781660412758,3.132960960761364e-39,1.0025475074436365e-38
Syntactic,pos_ratio_PRON,0.0807086614173228,0.08282856942872335,0.0665083135391924,0.06383612144312151,0.3667538305190744,0.6332461694809256,6.246630975250582e-39,1.713361638925874e-38
Syntactic,pos_ratio_INTJ,0.0,0.0015665215750916856,0.0,0.000180388792448075,0.3667800187617261,0.6332199812382739,9.588918824929704e-77,4.8449274062802717e-76
Syntactic,dependency_ratio_cc,0.0313253012048192,0.03206406322580311,0.0369540114469324,0.0368205328711295,0.6297758364602877,0.6297758364602877,5.111335375875885e-37,1.363022766900236e-36
Syntactic,pos_ratio_SCONJ,0.0178217821782178,0.018648050683889004,0.02200244498777505,0.023111291945984228,0.6273620231394621,0.6273620231394621,1.0224768944281552e-35,2.6529130233811596e-35
Syntactic,dependency_ratio_case,0.0925,0.0961589046403344,0.08387132603051625,0.08364675828783678,0.3734548936835522,0.6265451063164478,2.7833286216582677e-35,7.031567044189308e-35
Syntactic,pos_ratio_CCONJ,0.0306748466257668,0.03144304339008545,0.0359550561797752,0.035979885394468336,0.6264845215759851,0.6264845215759851,2.99699453052148e-35,7.377217305899028e-35
Syntactic,pos_bigram_VERB_PRON,0.0232558139534883,0.026977291149893248,0.0161290322580645,0.019626027717285884,0.3739084974984366,0.6260915025015634,4.745734088498243e-35,1.1389761812395782e-34
Surface,func_ratio_or,0.0025062656641604,0.003487393953419316,0.005,0.006223706038490553,0.6236507191994997,0.6236507191994997,5.077398428641171e-35,1.5232195285923513e-34
Surface,func_ratio_his,0.0,0.004516923816096947,0.0,0.0017416089511613398,0.37693773452157603,0.6230622654784239,2.4903551768239246e-46,9.195157575965261e-46
Surface,func_ratio_now,0.0,0.0014087740582599435,0.0,0.00040054322588252867,0.37845508911819886,0.6215449108818012,2.6987644982006614e-54,1.0795057992802646e-53
Syntactic,dependency_ratio_nsubj,0.0855263157894736,0.0840625527402786,0.0945674044265593,0.09276019590488016,0.6204344512195121,0.6204344512195121,4.072931249728604e-32,9.093055813347581e-32
Surface,func_ratio_on,0.0057803468208092,0.007358071567652556,0.0049321899896612,0.005117261607084752,0.3799968730456535,0.6200031269543465,6.01058846632794e-32,1.648618550764235e-31
Syntactic,pos_bigram_VERB_ADV,0.0088495575221238,0.010313269393609494,0.0123076923076923,0.013311834032078314,0.6196130393996248,0.6196130393996248,1.0303401326348978e-31,2.248014834839777e-31
Syntactic,pos_bigram_NOUN_ADV,0.0076045627376425,0.008505919396248458,0.0104348141695702,0.011587357547474187,0.6145383833646029,0.6145383833646029,3.1297888530759805e-29,6.676882886562092e-29
Syntactic,phrase_per_sent_NP,7.409090909090909,7.675189762920212,6.7633053221288515,6.745166361180691,0.3857510553470919,0.614248944652908,4.533699832773373e-29,9.260323062686039e-29
Syntactic,dependency_ratio_nummod,0.0064516129032258,0.00943027526224876,0.0044052863436123,0.005000766052919266,0.3858755472170107,0.6141244527829893,3.7660733060940165e-29,7.859631247500556e-29
Syntactic,pos_bigram_PUNCT_CCONJ,0.016025641025641,0.0181531391226443,0.023391812865497,0.022474081786137856,0.608879377736085,0.608879377736085,1.4864485684931935e-26,2.972897136986387e-26
Surface,func_ratio_up,0.0,0.0020820298894347247,0.0,0.0010178285411974347,0.39137019230769227,0.6086298076923078,1.4063707349840244e-33,4.091260319953525e-33
Syntactic,dependency_ratio_xcomp,0.0120240480961923,0.013545359790731903,0.0153172866520787,0.016455715002532997,0.6084050578486554,0.6084050578486554,2.4536265498496084e-26,4.807105077256376e-26
Surface,func_ratio_its,0.0,0.0015420285652335464,0.00238948967123815,0.0027739742938346747,0.6076608427141963,0.6076608427141963,5.313117054442236e-32,1.5001742271366312e-31
Syntactic,pos_bigram_PRON_VERB,0.0368098159509202,0.038857924196859704,0.028863510136073252,0.03137820341442066,0.3936294168230144,0.6063705831769857,2.0333092824418122e-25,3.9039538222882794e-25
Syntactic,pos_bigram_ADP_ADJ,0.0107913669064748,0.012831101348039825,0.0152265139571547,0.016956427479080816,0.6062425734834271,0.6062425734834271,2.297167172580651e-25,4.324079383681226e-25
Syntactic,pos_ratio_PUNCT,0.1242105263157894,0.12907366665815725,0.1108545034642032,0.11750691479212738,0.3945661350844277,0.6054338649155723,5.313053454652168e-25,9.80871407012708e-25
Syntactic,dependency_ratio_punct,0.1239669421487603,0.12897671323779777,0.1108545034642032,0.11750830368101628,0.39529276110068795,0.604707238899312,1.1127631606552624e-24,1.980823581726652e-24
Syntactic,pos_bigram_NOUN_CCONJ,0.0149253731343283,0.016548021416111156,0.01897540039175015,0.020598441304350405,0.6047048936835522,0.6047048936835522,1.1142132647212417e-24,1.980823581726652e-24
Surface,func_ratio_any,0.0,0.0011945946385236664,0.0,0.0003697930415730884,0.3967950672295185,0.6032049327704815,1.5548578732865958e-42,5.3309412798397564e-42
Semantic,hyponym_density,0.6491228070175439,0.6492235474048388,0.6844789990135507,0.6729984906109278,0.6023098420888056,0.6023098420888056,1.2308728168189272e-23,4.308054858866245e-23
Syntactic,pos_bigram_VERB_ADP,0.0408163265306122,0.04280899173509021,0.03547243193777165,0.03682874656424846,0.3983773061288305,0.6016226938711695,2.4266592264571332e-23,4.235623377088815e-23
Syntactic,dependency_ratio_det,0.0820734341252699,0.0826213071770807,0.0906891993074079,0.08989354429514951,0.6012255706691683,0.6012255706691683,3.585308690111224e-23,6.146243468762099e-23
Surface,colon_ratio,0.0,0.0004073752468770384,0.0,0.00015104402660402963,0.39915298624140083,0.6008470137585992,1.016763174223197e-30,2.7113684645951918e-30
Syntactic,dependency_ratio_root,0.0425101214574898,0.0446430462195344,0.0446009389671361,0.047215092710474124,0.6005272826766729,0.6005272826766729,7.094732723944091e-23,1.1949023535063733e-22
Surface,word_count,390.0,387.09943714821765,397.0,396.005625,0.6002454659161975,0.6002454659161975,9.243858255480456e-23,2.1644155915271313e-22
Surface,func_ratio_your,0.0,0.002105629162256707,0.0,0.0007662179506652886,0.40507504690431523,0.5949249530956848,5.233137603175619e-36,1.6205845480801916e-35
Surface,func_ratio_may,0.0,0.0009388010460146196,0.0,0.002001343733619457,0.5928132817385868,0.5928132817385868,8.241332786368051e-28,2.082020914450876e-27
Syntactic,dependency_ratio_cop,0.01890756302521,0.020144026148582204,0.0134078379674017,0.017041466435160132,0.4081715134459037,0.5918284865540964,2.3732933966854774e-19,3.797269434696764e-19
Syntactic,pos_ratio_DET,0.0839160839160839,0.08453452159973125,0.09120830604996324,0.09084571429823461,0.5882739212007504,0.5882739212007504,5.318544185146437e-18,8.23516518990416e-18
Semantic,mean_adj_sent_similarity,0.31884736,0.32812236722951843,0.30051171,0.3050807371,0.41458665572232645,0.5854133442776736,5.954168597943588e-17,1.3893060061868373e-16
Syntactic,dependency_ratio_expl,0.0020964360587002,0.002739317716123113,0.0,0.0017229088080075072,0.41480476078799244,0.5851952392120076,2.5607447720631205e-18,4.030024559312452e-18
Surface,func_ratio_so,0.0024630541871921,0.0030952232370472887,0.0,0.0019408216252673528,0.415042409318324,0.584957590681676,2.6793983223094943e-19,5.981912533528173e-19
Surface,comma_ratio,0.0092147435897435,0.009626971097411837,0.010365472999383101,0.010336371665725763,0.5843673780487805,0.5843673780487805,1.4125056739126233e-16,3.013345437680263e-16
Surface,func_ratio_what,0.0,0.002115492764776044,0.0,0.0010997845824190957,0.41677630550343964,0.5832236944965603,1.3175664204127365e-20,3.011580389514826e-20
Surface,semicolon_ratio,0.0,0.0003457943036594979,0.0,0.00010364813127699883,0.41757446060037523,0.5824255393996247,5.77359005036434e-25,1.4211913970127605e-24
Surface,func_ratio_can,0.0,0.0025004087232200277,0.00254130016403815,0.0037629246892014567,0.5801755003126955,0.5801755003126955,1.17586895653414e-16,2.56553226880176e-16
Surface,func_ratio_when,0.0024271844660194,0.0024031210239987898,0.0025445292620865,0.002994737841378925,0.5735346310193872,0.5735346310193872,1.2981349316325382e-13,2.5962698632650764e-13
Syntactic,mean_prod_rules_per_sent,20.47058823529412,21.102762582153943,19.707142857142856,19.38132679364911,0.42705558161350843,0.5729444183864916,9.011389062775675e-13,1.3517083594163512e-12
Surface,func_ratio_be,0.0048192771084337,0.005117887923826731,0.0026246719160104,0.004136007768770824,0.4293966932457786,0.5706033067542213,2.7353759615835914e-12,5.3591039247352e-12
Semantic,hypernym_density,0.6931216931216931,0.6931507609492998,0.7171314741035857,0.7086670842990879,0.5683350922451532,0.5683350922451532,2.1813906178912507e-11,3.817433581309689e-11
Surface,func_ratio_been,0.0,0.002270646737257145,0.0025,0.0029133387056549088,0.5670262664165104,0.5670262664165104,6.5540770749799544e-12,1.2583827983961512e-11
Syntactic,pos_bigram_NOUN_NOUN,0.0277777777777777,0.0313803843789443,0.0306957850876274,0.036257175497776274,0.565578095684803,0.565578095684803,1.3330705131943385e-10,1.9688426041024074e-10
Surface,func_ratio_for,0.0082872928176795,0.009086714036183137,0.0074719916626343995,0.007825927483473643,0.43515791119449654,0.5648420888055035,2.122677761124237e-10,3.9187897128447455e-10
Surface,func_ratio_our,0.0,0.0010691809506235255,0.0,0.00035029151744851413,0.437384107254534,0.562615892745466,7.759926554371554e-23,1.8623823730491728e-22
Syntactic,dependency_ratio_aux,0.0336322869955156,0.03418539186505369,0.0352336698362888,0.037816336751390116,0.5617745465916197,0.5617745465916197,1.441857042267513e-09,2.0972466069345646e-09
Surface,func_ratio_every,0.0,0.0006008462866021877,0.0,0.0009298951227194521,0.5609074030644152,0.5609074030644152,1.1406256756833616e-15,2.3804361927304937e-15
Surface,func_ratio_are,0.0025839793281653,0.0045581651047058155,0.0048192771084337,0.005528579225117094,0.5598037836147592,0.5598037836147592,2.7347652705593675e-09,4.953537093843382e-09
Surface,func_ratio_more,0.002375296912114,0.0024671968044309906,0.0025157272508638502,0.003032943047894286,0.5570538227016886,0.5570538227016886,6.268906847961792e-09,1.0746697453648785e-08
Surface,func_ratio_from,0.0028089887640449,0.004369615313458222,0.0049261083743842,0.0049969264364502644,0.5567209974984365,0.5567209974984365,2.3834009002967272e-08,4.014148884710277e-08
Syntactic,pos_bigram_CCONJ_VERB,0.0082644628099173,0.009769600886342846,0.0101523133302794,0.010574002754820993,0.5565107098186366,0.5565107098186366,3.0890906266409377e-08,4.426159703843732e-08
Surface,func_ratio_some,0.0,0.001722153730630632,0.0024271844660194,0.0020905227705508827,0.5564767041901189,0.5564767041901189,3.3513173931540865e-09,5.957897587829487e-09
Surface,func_ratio_not,0.0048426150121065,0.005423854660083067,0.0051413881748071,0.006013558549174235,0.5549038461538461,0.5549038461538461,6.808735312081305e-08,1.0893976499330089e-07
Syntactic,dependency_ratio_vocative,0.0,0.0005087286635394164,0.0,3.877216198520619e-05,0.44533028455284557,0.5546697154471545,4.4533253383199725e-33,1.0179029344731365e-32
Syntactic,pos_bigram_ADP_NOUN,0.0251798561151079,0.027106814979479907,0.028091312618896552,0.02926039549803542,0.55369625547217,0.55369625547217,1.4446429823386245e-07,2.0394959750662932e-07
Surface,func_ratio_that,0.0108991825613079,0.01231904442017897,0.0097087378640776,0.010570969872309268,0.44668210600375235,0.5533178939962476,1.763088253281767e-07,2.729943101855639e-07
Surface,func_ratio_down,0.0,0.0008113894567668656,0.0,0.00041272313739840796,0.44713414634146337,0.5528658536585367,2.0900187938504786e-14,4.2689745576520414e-14
Surface,func_ratio_there,0.0024449877750611,0.0026344231574094213,0.0,0.00192398456449318,0.4471577939337085,0.5528422060662914,4.286126350351712e-08,7.094278097133868e-08
Surface,func_ratio_if,0.0024570024570024,0.003212778808342174,0.0023923444976076,0.0021206225259971347,0.4479326923076924,0.5520673076923076,8.323662333136248e-08,1.3099534163624259e-07
Syntactic,dependency_ratio_compound,0.0338600451467268,0.039134616609498074,0.02950994723146615,0.033240185233772035,0.44808317698561595,0.551916823014384,3.6727505482928845e-07,5.109913806320535e-07
Surface,func_ratio_have,0.0047846889952153,0.005383958815494339,0.0027472527472527,0.004256988556513159,0.4480909943714822,0.5519090056285179,3.0258097095037925e-07,4.6107576525772077e-07
Surface,func_ratio_into,0.0,0.001625343440872159,0.0023640661938534,0.002053732905932891,0.5516219121325829,0.5516219121325829,4.389360553574685e-08,7.142010392257114e-08
Surface,func_ratio_will,0.0,0.0023995064218683593,0.0,0.0017325571483099117,0.44838981394621635,0.5516101860537836,5.947618957890979e-09,1.0381298544682437e-08
Syntactic,mean_clausal_dep_per_sent,1.4375,1.537946164970562,1.6111111111111112,1.5883348355174292,0.5513232879924952,0.5513232879924952,4.977616448055234e-07,6.826445414475749e-07
Surface,func_ratio_at,0.0049140049140049,0.005319461186373602,0.0027777777777777,0.004508205951100853,0.4509087711069419,0.5490912288930581,1.3733905795254057e-06,1.9976590247642265e-06
Syntactic,dependency_ratio_acl,0.0167714884696016,0.017527864354083753,0.01802704508115325,0.018571209230844057,0.5477624687304565,0.5477624687304565,2.893068764986531e-06,3.911754949840943e-06
Surface,endash_ratio,0.0,9.114782860322683e-05,0.0,6.231009940790126e-06,0.4535307223264541,0.5464692776735459,2.747400005354189e-28,7.128389203081139e-28
Syntactic,dependency_ratio_dep,0.0,0.0002994286773141625,0.0,6.2632695725528745e-06,0.4536558005003127,0.5463441994996874,1.1935498873388977e-33,2.794653394744736e-33
Syntactic,dependency_ratio_iobj,0.0019569471624266,0.0022124518725762663,0.0,0.001694265360725873,0.4559351547842402,0.5440648452157598,3.989281284985596e-06,5.319041713314128e-06
Surface,sentence_count,20.0,20.724828017510944,20.0,20.865625,0.5437791197623515,0.5437791197623515,1.6832515981023957e-05,2.4118231853407463e-05
Surface,func_ratio_is,0.0091324200913242,0.0110609310246711,0.011264433447532,0.01240308649935731,0.5429223342714196,0.5429223342714196,2.5815751015414482e-05,3.644576613940868e-05
Surface,func_ratio_the,0.0571428571428571,0.05879865048838753,0.06084359312336985,0.06210848217794318,0.5422240462789243,0.5422240462789243,3.537442308397916e-05,4.901800318486057e-05
Surface,func_ratio_who,0.0,0.0022637096043261863,0.0,0.0017459535295269407,0.4611626407129456,0.5388373592870543,3.574229398896083e-05,4.901800318486057e-05
Syntactic,pos_ratio_ADV,0.0443159922928709,0.04544814379901973,0.040904245457916155,0.04959079589478146,0.5387105222013758,0.5387105222013758,0.00014965733325470097,0.0001968096437322095
Semantic,mean_embedding_variance,0.0018262811,0.0018040164414008754,0.00178490565,0.0017900897246875,0.46232879924953096,0.537671200750469,0.00022439864107129224,0.00026181811465543503
Semantic,mean_sent_doc_similarity,0.54654187,0.5503499168417761,0.5608887650000001,0.55626406470625,0.5376710053158225,0.5376710053158225,0.00022441552684751573,0.00026181811465543503
Syntactic,phrase_per_sent_ADJP,0.4285714285714285,0.49940220073056635,0.43614130434782605,0.5590414094636994,0.5343458802376485,0.5343458802376485,0.0007675394451668698,0.0009957268477840471
Syntactic,pos_bigram_AUX_ADV,0.0119521912350597,0.01345725371655136,0.0112359550561797,0.01237742942129866,0.46617788461538456,0.5338221153846154,0.000921992271174235,0.0011646218162200863
Syntactic,pos_bigram_PUNCT_VERB,0.0116279069767441,0.013282587689220318,0.0107865190327522,0.01143694722195427,0.4664221779237023,0.5335778220762977,0.0010031654659943,0.0012506998017591273
Surface,func_ratio_only,0.0,0.001488008261868825,0.0,0.0011125699541787357,0.4674407833020638,0.5325592166979363,0.00028228236491511605,0.0003816775638288893
Surface,func_ratio_has,0.0023809523809523,0.0026263248222922818,0.0024875621890547,0.0027427163629396268,0.5304926907442151,0.5304926907442151,0.0018619581404641541,0.0024486024860898466
Surface,func_ratio_things,0.0,0.0005969542155964071,0.0,0.00032793608363746845,0.46960268136335215,0.5303973186366479,3.4045530302220494e-07,5.106829545333074e-07
Syntactic,dependency_ratio_dislocated,0.0,0.00014792620283927318,0.0,1.0314453508849311e-05,0.4702710678549093,0.5297289321450906,4.147440877024285e-20,6.864729727488472e-20
Syntactic,dependency_ratio_mark,0.031578947368421,0.032485995944731526,0.0333333333333333,0.033642700263033724,0.5290558552220138,0.5290558552220138,0.004427595261971817,0.005380368925940436
Syntactic,pos_bigram_VERB_PUNCT,0.0148148148148148,0.016844734871181686,0.0135364177737059,0.015386861846943716,0.47109111163227013,0.5289088883677299,0.004629842481676811,0.0055558109780121726
Syntactic,dependency_ratio_csubj,0.0,0.001143572956241702,0.0,0.0009421996981548443,0.4715324030644153,0.5284675969355848,0.0008369957637375579,0.0010713545775840742
Surface,func_ratio_upon,0.0,0.00034048533370193904,0.0,0.0006456852547005529,0.5284095528455285,0.5284095528455285,7.769515143026038e-07,1.1474976211238455e-06
Surface,func_ratio_my,0.0,0.0036381298017170386,0.0,0.0024086624836864028,0.4727259224515323,0.5272740775484677,0.002945337292724966,0.0038209781094810367
Syntactic,pos_ratio_X,0.0,0.0008265190453234395,0.0,5.309195832996e-06,0.47341053001876177,0.5265894699812382,1.516783443871442e-19,2.4679866205365834e-19
Surface,func_ratio_but,0.005050505050505,0.005719647543896206,0.005181347150259,0.005937001015341048,0.5260909161976235,0.5260909161976235,0.010480642690763433,0.013066775302769994
Syntactic,mean_dep_depth,2.295646094641609,2.304629840353861,2.318521119229718,2.325356586226912,0.5254276110068793,0.5254276110068793,0.012753152501950384,0.015114847409718975
Surface,func_ratio_such,0.0,0.0007353783527819674,0.0,0.0004893157444675234,0.4745890009380862,0.5254109990619138,0.0002983004666123489,0.00039773395548313185
Syntactic,dependency_ratio_reparandum,0.0,0.00015405082022854972,0.0,9.404155183348124e-06,0.4746658067542214,0.5253341932457787,3.2124921982290266e-17,4.8952262068251834e-17
Surface,func_ratio_then,0.0,0.0016133993228310104,0.0,0.0012396408314068789,0.474838375547217,0.525161624452783,0.0046884723570922715,0.0060012446170781076
Surface,func_ratio_with,0.0071942446043165,0.007523814049218674,0.0071090047393364,0.00686706602338589,0.47522377267041904,0.524776227329581,0.015209371507031097,0.018482274236392218
Surface,func_ratio_it,0.0105263157894736,0.012935596636683732,0.0097560975609756,0.012174341545165591,0.4766897279549719,0.5233102720450281,0.022388701055812144,0.026866441266974572
Surface,question_ratio,0.0,0.0004422379600167758,0.0,0.0003308982999869639,0.4774794793621012,0.5225205206378988,0.0073022800585278115,0.009223932705508815
Surface,func_ratio_one,0.0024875621890547,0.002873493007600716,0.0024630541871921,0.002520674482790529,0.4775308786741714,0.5224691213258286,0.022769009199404742,0.026985492384479694
Syntactic,pos_bigram_ADJ_ADP,0.0081632653061224,0.009634500538576675,0.0075757575757575,0.009080541603719423,0.47779237023139465,0.5222076297686054,0.029546037474279578,0.03459048289671755
Surface,func_ratio_and,0.0268948655256723,0.027562251780903792,0.027027027027027,0.028477750990446627,0.5219983192620388,0.5219983192620388,0.031185594309006293,0.03607008498391089
Surface,func_ratio_were,0.0024096385542168,0.0029047533164591626,0.0023474178403755,0.0024995970490039213,0.47835815353345834,0.5216418464665417,0.02494812504037064,0.029207561022872943
Surface,func_ratio_had,0.0025706940874035,0.004093752929376759,0.0024539914245795998,0.005167282460890483,0.4793912210756723,0.5206087789243277,0.035915927246193684,0.041046773995649925
Syntactic,dependency_ratio_obl,0.0555555555555555,0.057128837153612354,0.05423760897147295,0.05581736437128159,0.47940236085053156,0.5205976391494684,0.043643446585780975,0.050479167135361123
Syntactic,mean_parse_tree_depth,12.066666666666666,12.176421453394438,12.15,12.218444048636966,0.5204051360225141,0.5204051360225141,0.04564619307231138,0.052167077796927294
Syntactic,pos_bigram_ADV_VERB,0.0154440154440154,0.016653849744024184,0.0165016501650165,0.01742789111646763,0.5197265869293308,0.5197265869293308,0.05333540305346269,0.0602376316839108
Syntactic,phrase_per_sent_ADVP,0.65,0.7223108209332475,0.581989247311828,0.7005778057694283,0.48037855691056913,0.5196214430894308,0.05461164079010301,0.060961831579649864
Surface,func_ratio_even,0.0,0.0010343580870287611,0.0,0.0008569004681524398,0.4804395325203251,0.5195604674796749,0.01433217634737314,0.0176396016583054
Syntactic,pos_bigram_ADJ_PUNCT,0.013029315960912,0.014966079138682977,0.0130933247615986,0.015656488320182918,0.5190671904315197,0.5190671904315197,0.06178128937275673,0.06817245723890399
Surface,func_ratio_an,0.0026041666666666,0.0033086401299618506,0.0025445292620865,0.00320293007979699,0.4816514227642277,0.5183485772357723,0.0682219430678758,0.07615472714553577
Syntactic,pos_bigram_VERB_DET,0.032051282051282,0.033369713357687555,0.03380918512497455,0.03340168631878473,0.5179647435897435,0.5179647435897435,0.07847379929693034,0.08560778105119674
Syntactic,pos_bigram_AUX_VERB,0.0338345864661654,0.035183853527614065,0.03181617943406655,0.03481029028411294,0.48279745153220766,0.5172025484677923,0.09199739678340592,0.09923314709221312
Surface,func_ratio_their,0.0,0.002211555373231909,0.0,0.0020933350265301396,0.4830460444027518,0.5169539555972482,0.06938800310913382,0.07656607239628559
Surface,func_ratio_shall,0.0,0.0001705009261859788,0.0,9.171637256247375e-06,0.48309470762976864,0.5169052923702313,8.66810455093542e-12,1.6316432095878437e-11
Syntactic,dependency_ratio_advmod,0.0519480519480519,0.05281724420356118,0.0449997798934684,0.05484783100187102,0.5155958802376486,0.5155958802376486,0.12661647075383897,0.1350575688040949
Surface,func_ratio_should,0.0,0.0008528373935163461,0.0,0.0008178291743240955,0.48610166510318953,0.5138983348968105,0.061110356969566904,0.06901875610680498
Surface,mean_sentence_length,19.714285714285715,20.36525828545819,19.666666666666668,19.536985011273824,0.48642315509693557,0.5135768449030644,0.18357724768875439,0.1958157308680047
Surface,func_ratio_no,0.0,0.0020925552026190316,0.0,0.0019196614246658017,0.4887283067542213,0.5112716932457787,0.2277175414561684,0.2402294942834304
Surface,func_ratio_by,0.002710027100271,0.004433786119890528,0.002680965147453,0.004068265580447859,0.4894940196998124,0.5105059803001877,0.2980025261967587,0.3109591577705308
Syntactic,dependency_ratio_ccomp,0.0088809946714031,0.010852753754533389,0.0082815734989648,0.010627974516981725,0.48966248436522825,0.5103375156347718,0.3107245664957522,0.3277973448746397
Syntactic,pos_ratio_AUX,0.0560975609756097,0.055540112902486456,0.05450682393186755,0.05526083409595377,0.4897551203877423,0.5102448796122576,0.3156406475851792,0.3293641540019261
Syntactic,phrase_per_sent_VP,4.0,4.214161698270017,3.9565217391304346,4.154591470511404,0.5098913383364603,0.5098913383364603,0.33262823338428005,0.34335817639667615
Syntactic,pos_bigram_DET_NOUN,0.0830449826989619,0.08448660100704239,0.0827586206896551,0.08779863980114033,0.5096978580362727,0.5096978580362727,0.34217500107460086,0.3494553202464009
Surface,func_ratio_must,0.0,0.0005011901398706901,0.0,0.00036994305416685483,0.4912730612883053,0.5087269387116947,0.15892771823954155,0.1714276511347864
Syntactic,dependency_ratio_fixed,0.0022172949002217,0.0031284182852763702,0.0022573363431151,0.0029208046315422793,0.5086728033145717,0.5086728033145717,0.3906056603199115,0.3947172988495948
Syntactic,dependency_ratio_orphan,0.0,5.74375757797945e-05,0.0,2.4789033478379312e-05,0.49278396654158857,0.5072160334584115,0.0028499772587217273,0.0035076643184267413
Surface,emdash_ratio,0.0,6.508748656234046e-05,0.0,2.1046419138082126e-05,0.49397689962476543,0.5060231003752346,0.08002239215478375,0.08729715507794591
Syntactic,pos_bigram_DET_ADJ,0.0342465753424657,0.036607878663482495,0.034375,0.035604348673491326,0.49450261882426516,0.5054973811757348,0.5902704514309964,0.5902704514309964
Surface,hapax_d_ratio,0.0731070496083551,0.07342410578652424,0.07329224066441395,0.07364684615638346,0.5054954268292683,0.5054954268292683,0.5904025013439289,0.6094477433227653
Surface,func_ratio_would,0.0023809523809523,0.00299631804710676,0.0023584905660377,0.002951159577739891,0.4957567229518448,0.5042432770481552,0.659264331969578,0.6732912326497819
Surface,func_ratio_which,0.0024875621890547,0.00273172929176685,0.00249688279301745,0.0024634030264343077,0.49636960600375235,0.5036303939962476,0.7145618508176533,0.7145618508176533
Surface,func_ratio_her,0.0,0.0026133256454568678,0.0,0.002277134409572759,0.4970301751094434,0.5029698248905565,0.6899970402254234,0.6972601669646383
Semantic,synonym_density,0.896551724137931,0.8907747680949447,0.8962459876301574,0.8910960078661713,0.4983874687304566,0.5016125312695434,0.8745144561419447,0.8745144561419447
